w_food,w_danger,w_space,w_wall,J,steps,train_seed,trial_number
12.85,0.776,5.895,-0.796,34.0,1000,581,0
16.946,1.116,4.543,-0.843,32.0,1000,967,1
13.493,0.629,2.841,-0.456,32.0,1000,133,2
7.49080237694725,4.507143064099162,8.299848545285128,0.986584841970366,0.0,1000,712,3
3.1203728088487304,-3.4400547966379733,-8.547909695795013,3.6617614577493516,0.0,1000,297,4
12.022300234864176,2.080725777960455,-9.48538764260494,4.699098521619943,0.0,1000,188,5
16.648852816008436,-2.8766088932172384,-5.454375819822484,-3.165954901465662,0.0,1000,1000,6
6.0848448591907545,0.2475643163223784,0.7986254660528941,-2.0877085980195806,0.0,1000,661,7
12.23705789444759,-3.6050613934795814,-2.6963837866195464,-1.336381567063083,0.0,1000,611,8
9.12139968434072,2.851759613930136,-5.008155446041006,0.14234438413611605,0.0,1000,744,9
19.20273884881329,-1.36272326378369,14.238427769696644,-4.820381243851804,1.0,1000,972,10
15.992534962797226,1.8972242217735549,6.657866526571632,1.6860612203220016,0.0,1000,607,11
18.93923752780298,-1.2039575657977657,7.959509553543813,2.360773711181863,0.0,1000,246,12
15.251378486043361,3.9054002986904957,4.070556491155285,-3.0278949996034905,1.0,1000,19,13
10.279830361974978,-1.1246347131141365,12.157569870238083,-1.1240579593603914,0.0,1000,395,14
14.570143597310928,1.356553268724359,-0.11221654236030165,0.4154042828284712,1.0,1000,843,15
17.534335911970672,3.165625919734042,5.251047347082373,-2.6397162571810115,1.0,1000,182,16
1.5692476993356177,-0.4345664334903714,10.249153192413566,-4.621302848927837,0.0,1000,102,17
10.646601588595976,-2.403853044480269,0.023899242051097946,-1.0799529519284485,0.0,1000,805,18
13.947706353199237,1.3513873656281397,10.297867959309498,2.3809834212623264,0.0,1000,21,19
19.98182612820889,-4.6376231188010255,5.549844085021761,1.1183483273860582,2.0,1000,635,20
12.75880898129593,0.4759580911525286,3.0914501175800866,-0.5237710549594583,36.0,1000,890,21
12.620112341031083,0.7119086520113264,1.7065322887904038,-0.35833503955048696,22.0,1000,242,22
17.686027702124292,-0.3194110725490569,3.6220181639263003,-1.8899132470296172,1.0,1000,793,23
9.19342563486403,2.3189562711520297,-1.800366963288445,-4.004620651832356,0.0,1000,267,24
6.213788393959929,0.8660899310403055,7.165098398065724,-0.58309194546265,1.0,1000,690,25
11.154286963131291,-0.15433577797406328,9.584641300971933,0.5474348781594878,34.0,1000,991,26
11.178329758012818,-1.8863915113836485,10.516350013193403,0.6142497390859105,0.0,1000,568,27
8.765473210216877,-0.29848971107330735,14.13915587224472,1.7270994074976467,0.0,1000,359,28
13.43289312378783,-0.789055506324444,9.214739829111972,-1.807104837669709,1.0,1000,604,29
7.515483785407902,-1.8573008837559004,12.457456670472917,3.1653526801053684,0.0,1000,914,30
13.522199508941295,0.2724108532815945,2.910127926066527,-0.3516217021200363,31.0,1000,754,31
15.270854357091785,1.3142889262671926,5.25941312229349,-0.5602627804625058,0.0,1000,46,32
11.638451670462526,0.6473040253113014,6.434151371991272,1.1579717933464,0.0,1000,833,33
17.321611184095833,4.8131308675829345,2.357577170279855,-1.1846589150111253,0.0,1000,816,34
12.724302012770973,1.8822089974208205,8.619111630847714,0.17667622451314746,1.0,1000,270,35
7.978337573106815,0.17288181590339258,4.248646991652667,-2.3486901549277626,0.0,1000,870,36
5.932479429125827,2.6758512369569756,-1.456244209669574,4.894612555321148,0.0,1000,986,37
14.75640184119835,3.5101321703894577,1.6356124856405605,-1.5648806080406392,3.0,1000,471,38
16.2683491511798,1.093785116719138,7.769300527190797,0.8151952801128257,1.0,1000,473,39
4.106872905928786,0.1859126755713249,12.053560602724327,-0.053635268584047435,0.0,1000,28,40
11.173984786775332,1.6196775040447344,-4.6767608140876655,-0.8050331294746695,1.0,1000,945,41
12.712604905236276,2.2972179106556596,5.934803868673031,-0.025815353569451138,1.0,1000,970,42
13.616833447672787,0.6703334099870943,3.1762424133302014,1.7414132520242178,0.0,1000,49,43
10.098553703965623,-0.5759658724858694,4.460846379970175,-1.4991756292550156,1.0,1000,213,44
15.753912448294942,-0.9759993554904556,-7.92798344628622,-0.8041070241480521,1.0,1000,574,45
11.807546460364968,-0.09230269603238733,0.33880684678723405,-2.4610904842285715,0.0,1000,179,46
18.579738001231117,0.40094401159163295,1.3553320203545294,-3.0776652566048917,1.0,1000,936,47
14.248140539614514,-1.3986400936562835,7.0867001736256245,0.6063646298867793,10.0,1000,788,48
16.65635199461544,1.7427973260819045,9.112705048062452,0.16622848116377997,0.0,1000,240,49
9.024216177458177,1.0610478551919849,-1.0047258224714972,1.2245437989100756,0.0,1000,212,50
13.331925986157309,0.3657869751967246,2.6841281663236733,-0.22528390614870175,24.0,1000,484,51
12.775484212325786,-0.058624930377467965,4.7163400832369025,-1.1174792495156356,1.0,1000,867,52
14.879623523112972,1.4654179306254835,3.5497288123453696,-0.3450937008162755,32.0,1000,927,53
14.942280708179478,1.546601756348377,3.758696094848622,-0.8721728515977001,1.0,1000,853,54
16.762932350791143,2.1549423848502145,6.076392977696127,0.47724608754546516,9.0,1000,279,55
18.233840408860157,2.6063269286088806,-3.535231183425701,-2.0685224044052704,1.0,1000,961,56
10.825746644369394,1.0747254249281395,2.1233925306841837,-0.5243424305924514,4.0,1000,276,57
12.004856082203316,0.6663056476510124,0.937878966672741,-1.6230620891220897,0.0,1000,733,58
15.601077437701873,-0.6385867784609929,7.70723212691681,-3.651642821413024,0.0,1000,715,59
9.742443091199881,3.1383761072416054,5.014547373124939,2.467270705591134,0.0,1000,364,60
14.445891476537392,0.42681835926195044,3.590906155409499,-0.2763776959888874,14.0,1000,981,61
13.896686657267518,-0.19111891635240036,3.174307048694296,0.2815665077304377,26.0,1000,777,62
13.49039277881019,1.27514913241093,-0.31492008556874085,1.4597756399154826,0.0,1000,965,63
12.12319569388007,0.8351481207575262,2.4324356960947915,0.8649511761046603,1.0,1000,169,64
13.014095771558408,0.039212720644791615,11.306497113600425,-1.352220990197643,0.0,1000,603,65
19.533211145867888,1.952924758499383,5.631946729444181,-0.44972878420803525,0.0,1000,528,66
15.23369556301791,-1.6474377756048069,6.843126199670429,-0.9632984784023177,1.0,1000,275,67
11.458782054090467,-0.4167017478254631,0.7976303948225181,-0.23386901584061748,2.0,1000,542,68
14.358039065709455,-0.8922561948641863,4.440274773956466,-0.008725858790209817,28.0,1000,196,69
16.15149812548515,1.519842193586495,14.966023313982145,4.222422348986458,0.0,1000,811,70
14.338234856275642,-0.9290501734962169,3.9453614410655056,-0.7027317421093733,7.0,1000,101,71
17.20083075614812,-2.171200195196807,3.1064780111602097,-0.026542055705562395,1.0,1000,32,72
12.281713489332343,0.4309992389197283,4.812045185847738,0.3741771492894565,0.0,1000,96,73
10.692045612086758,-1.379735529266397,2.239714471387458,-0.5286359969179311,1.0,1000,888,74
13.867133526009626,0.9804827975249286,4.206699631233678,0.6327504766435679,1.0,1000,326,75
14.856215803705133,-2.7985763513528,1.6972975785018571,-1.132334712660005,0.0,1000,830,76
13.023609849286839,-0.7215093359306562,6.423307425982428,0.09921108355743807,8.0,1000,756,77
15.399127986870422,0.12693506177250213,9.719538537023586,-0.17912584844520096,30.0,1000,282,78
15.59637714917281,0.09495535839984617,8.582568214916758,-1.876931030999427,0.0,1000,520,79
9.66061985595533,-4.113616880743509,13.188059730818404,-1.4334715895739172,0.0,1000,313,80
16.219164162236655,-0.34044346504632605,9.587453576084625,-0.2513874775844944,8.0,1000,660,81
17.848231950567904,1.2862706223352558,10.912288255188239,-0.7137978147930475,26.0,1000,845,82
0.5613119980110817,0.602863779920043,5.580714969679288,0.9081289365995893,0.0,1000,139,83
14.286790629159768,0.1954420126209886,9.589660014052534,-0.11628206567957466,0.0,1000,376,84
12.493927500999158,-1.1102914170556586,7.709704126403039,-0.982000917248739,3.0,1000,138,85
13.255117534888049,0.8580900236466129,3.02608877381182,0.13637185322810907,24.0,1000,348,86
15.07597697328158,0.0050430441339436305,4.608564770617952,0.48877104089873247,0.0,1000,93,87
11.350646394977272,0.4381789423351723,1.0604534105416432,-0.44704629158038306,36.0,1000,127,88
11.26696533256524,0.5147418248479909,-0.3410787366168271,-0.5857565133743526,22.0,1000,447,89
10.31597793293615,1.1955210041217184,1.0524012594923475,-0.4138757300088183,25.0,1000,902,90
11.843483503460607,0.8562021658232509,3.7089657889954486,-1.2329445822525535,1.0,1000,523,91
13.809308168392747,-0.14658336741702382,2.0341128550211187,-0.8240046134188304,2.0,1000,189,92
16.825821295599347,0.31479794676380785,0.3349748895673952,0.2942863980053048,11.0,1000,53,93
12.38294974923702,1.5275158402242814,5.173946422872552,-0.0728378075722978,1.0,1000,276,94
14.00312624829624,-0.5666181696967518,1.4612753051067227,-1.6525373093099425,0.0,1000,782,95
15.526035636622451,1.765326677103905,2.738508137180271,0.7088410689390066,2.0,1000,510,96
12.988332619788771,0.7641226690347833,3.551327118176681,-0.33200602460138584,28.0,1000,564,97
14.771859449203362,-0.31809767967447294,11.69127438377704,1.3752162550171485,1.0,1000,230,98
13.496535021835685,0.2522854390972795,10.209806408260267,-0.979220929002727,1.0,1000,389,99
10.91050235500928,-0.8443821417530211,6.012134479594423,-0.6113308713265071,2.0,1000,91,100
13.008785232489947,0.7527468026086155,4.221169255976209,-0.3014097161195586,27.0,1000,67,101
14.557828804426428,1.0885169753292507,3.382069417390617,0.05420231893574262,0.0,1000,345,102
11.647217712036467,0.5696309292583349,2.6866408634669257,-0.4424099900351906,28.0,1000,493,103
12.608963106429112,0.9876706863609518,7.345821920974895,-1.334007972192473,0.0,1000,924,104
12.959807403775018,2.1106694095742218,2.051825826912222,0.38541783349419634,3.0,1000,187,105
15.837597576754746,1.4274252713357702,3.58041824862772,-0.8055278502762503,1.0,1000,30,106
14.213389999839533,-0.09683622191188335,-9.89335878507908,1.0904732212335237,2.0,1000,627,107
11.929191059816993,0.17824786081173133,5.4006004527503295,-0.23049645602204594,30.0,1000,25,108
10.32447732333237,4.188658201982547,5.200826027961346,-0.09363133475101054,0.0,1000,131,109
12.08403728042656,0.236411518360975,6.6164688992554215,0.25050914999308377,28.0,1000,554,110
11.146766760701219,-0.5009047025377178,4.065781243280921,-0.29144828143917,26.0,1000,499,111
13.594431197183557,0.49309880302534237,4.575404259754024,-0.6723204326654134,24.0,1000,490,112
13.221155063833422,0.7209785770249052,3.146795481552714,-0.40748614737631794,30.0,1000,80,113
11.475518669702915,0.07916263852975086,8.291198451080913,-1.1062981661776867,1.0,1000,443,114
12.32130840632223,-0.1962666581356295,5.7655760377289935,0.5424861705164667,12.0,1000,666,115
13.29255914361845,0.3818313085059911,2.8371021460529007,0.12309036966069359,29.0,1000,364,116
13.513015221091942,0.6201512487970584,0.6401345367231732,-0.48376183817705626,27.0,1000,865,117
11.856151232482617,1.2250279896663974,-0.8518164481657973,-0.9677887156249732,7.0,1000,69,118
15.291991335022615,0.3480586714652371,2.7084454791263206,-0.1575437272504343,31.0,1000,663,119
15.313260007454108,0.9251810782997739,1.2306225533068602,-0.1724228552891744,20.0,1000,8,120
13.246637161463156,0.39598627020803956,2.821956922889511,0.1617471059116502,16.0,1000,37,121
14.774306079441763,0.07741934732741323,3.2371300141645722,-0.5802274808750916,18.0,1000,531,122
16.269767955577038,0.27980863051481186,2.255745373395969,-0.788763076386273,30.0,1000,302,123
16.6401515631062,0.6449402449228184,2.2546001208167166,-0.7980990764883875,27.0,1000,504,124
17.886025916601056,0.21651660300554398,2.1683793584691418,-1.2840208364170407,6.0,1000,374,125
17.44282397139011,1.0524161897454976,1.8836219304702193,-0.34643435581830556,19.0,1000,453,126
15.863219659974183,-0.07734293823242278,1.5112727182762362,-0.765430565423427,1.0,1000,108,127
17.11695639313037,1.3984020901837522,-7.281280761244716,-1.0912714584706147,19.0,1000,4,128
16.53137024446184,0.8046295821626118,13.049551200299002,-0.1476041838214418,30.0,1000,12,129
15.141149737228634,-0.3053427513179095,4.7449126498344825,-2.087482967388935,3.0,1000,989,130
16.654085191140044,0.7910105255303158,14.332402244607485,-0.1406485767403327,0.0,1000,701,131
15.939459780022139,1.6557961975451634,13.074138136409744,-0.4593445399731345,0.0,1000,611,132
3.783085031647455,0.5177205620146448,3.7472371469821195,-0.6624865070444694,0.0,1000,346,133
16.3954852913053,1.1904669183971497,13.594069573997704,-0.012446688609027645,30.0,1000,111,134
16.348059432515367,0.20975313639833032,12.718361148354731,0.7417252051400192,8.0,1000,909,135
18.575135834602435,0.6226985078658053,10.827241780343208,0.370121606470291,26.0,1000,793,136
17.013631013830054,0.8582125696213615,2.556348796430214,-0.8887625913035954,1.0,1000,968,137
12.704087803605612,0.39314845114259256,-2.2369396358612494,-0.2697651162077192,12.0,1000,919,138
14.07502007666309,0.004220741212691115,0.06753588154227863,-0.46943315091843,8.0,1000,786,139
15.391789086453386,1.8969003734192307,9.135336243773038,-1.5294658361261533,0.0,1000,282,140
16.47946524908193,1.2847714653204787,14.015883394769418,-0.07031276442285433,0.0,1000,75,141
16.22087573207162,1.1218933138731066,11.631801790222177,0.0510608013531223,34.0,1000,27,142
14.771111915204692,1.0676094010847221,12.251709223160802,0.2584386635110929,1.0,1000,300,143
17.60430197950519,0.7603112321256055,11.64599856817114,-0.5855052633700969,28.0,1000,825,144
16.163268018706244,-4.998801096389732,10.096006901076123,-0.24255461561249503,2.0,1000,644,145
15.588937162882265,0.32840957769253215,4.181961776297518,0.08007766878188383,26.0,1000,652,146
10.520302154943401,0.92054955222415,3.065366088726604,0.5082925597038215,0.0,1000,355,147
12.270902280733324,0.5082202120870492,11.087918306866884,-0.9506442363434023,13.0,1000,508,148
10.994332455388609,0.10382145559189056,5.136858365319138,-0.44822393242091846,27.0,1000,548,149
13.870760950422516,1.4579096912590983,3.912209008183026,-0.6991543295729075,30.0,1000,749,150
16.261695622161096,1.1391895649283814,13.330866627189359,-0.0754105758126179,26.0,1000,2,151
16.96771533098308,1.2061239052987718,13.517504189393096,0.058625500550087584,24.0,1000,600,152
11.569867474954748,0.7104777265680053,14.817558845871307,-0.3546998642960554,26.0,1000,964,153
16.02905473934991,1.63269253513633,13.758779373248279,0.2526835336685406,0.0,1000,737,154
15.069469640738486,-0.2209979536853824,11.861385707596261,-0.06229031059476242,16.0,1000,601,155
15.633233652694459,0.8920634511891068,1.5771626471600408,-0.16798969918139506,22.0,1000,347,156
9.830936753960746,0.3036530157312698,12.281977097807165,-1.2006041428121603,0.0,1000,865,157
18.206818648652927,-0.44073337809385926,3.3954687395472223,-0.6519197383806108,0.0,1000,516,158
17.331125043965137,0.5503266805021053,12.544550495102097,0.9285562732942994,20.0,1000,486,159
12.736827157380155,2.417189150825223,0.91791745328872,-0.36590519405009436,2.0,1000,781,160
14.448895960002623,1.4077985324217042,2.6949095485664443,-0.7717603812259258,20.0,1000,744,161
13.63167504555807,1.8375596137504853,3.904129459322891,-0.5809874123368965,37.0,1000,948,162
13.713679844107679,1.0420895347405041,12.889365286589552,-0.5276873122983785,0.0,1000,450,163
12.032272015310644,1.842220189802918,4.498720975935423,0.04250640577005177,2.0,1000,746,164
16.54127184274344,2.0441291538661233,9.725801633112699,-0.9774091569165179,30.0,1000,484,165
13.195531814051977,0.7295941939870082,3.3494560971338103,0.4048497395352747,22.0,1000,87,166
15.303632655189103,-0.014980630272029227,2.5237946752589346,-0.2715470628817799,20.0,1000,682,167
14.158667764578372,1.2525690769762123,5.357523401860348,-0.860655828537487,1.0,1000,755,168
12.543789820002806,1.6642239058479902,6.083217509271891,-0.5518601705599822,0.0,1000,694,169
13.557031960115314,0.23415406935411365,1.9271940059139188,-0.16042146486679953,26.0,1000,283,170
14.469946819460706,1.551909899077486,3.998610411630106,-0.6938027363169812,23.0,1000,301,171
14.049749725095241,0.43825817743540935,3.9616815638997864,-0.42587042327338287,10.0,1000,616,172
13.865530683410382,1.415662284792554,3.049843339629896,-0.6941028365020344,0.0,1000,625,173
13.0083826169036,2.3093001725870352,4.871698622013626,-0.21304288519520495,0.0,1000,509,174
14.801215978027923,0.9225681832501835,3.329999913947476,0.1879087217289832,27.0,1000,173,175
15.906457048864329,0.6164819111026902,3.687693463491798,-1.0436179908041558,1.0,1000,130,176
16.805597042225706,1.0837015988571654,4.250534787338644,-1.3243738625939705,22.0,1000,343,177
13.416276619077653,1.7958475153283173,2.5646848996124567,0.017837142992460475,22.0,1000,226,178
11.7913553737983,0.12748593075211556,14.551257063264883,-0.40489651786260017,0.0,1000,931,179
12.292499365719992,1.3553100126081197,8.118773250577323,-0.7394692915553365,1.0,1000,739,180
16.313491445367607,2.044152433614128,8.949248881104204,-0.9909228736333474,2.0,1000,830,181
16.538166542739763,2.083215604144361,9.911763565926693,-0.9071135626729734,32.0,1000,89,182
15.773054674968805,3.0286202010964214,10.316845030642769,-0.5628584565162631,0.0,1000,165,183
17.33448124061954,0.3762369832346407,2.2738494005948944,-0.8442004703521616,8.0,1000,44,184
12.776498241459153,2.568708273391362,9.427460611612892,-0.30733126141392564,1.0,1000,499,185
16.53299430686228,2.224436442223945,10.72413882828136,-1.1649990024550092,1.0,1000,359,186
15.050955717804351,0.7343791122864771,9.922973800249135,-0.5446257174558293,34.0,1000,122,187
15.192712487485386,0.6677933484525093,10.00631718465779,-0.1325571514419039,0.0,1000,491,188
16.043305140825407,0.842431310299724,11.482016355689373,2.9633709751246466,0.0,1000,317,189
16.799303720293647,0.4919755671251758,8.442366199730966,-0.4909579425500836,0.0,1000,717,190
14.601778570677228,1.1936219254429488,8.841929700758874,-0.6676915900797848,2.0,1000,527,191
15.52339599544179,0.16593546783073435,10.568645037360984,-0.3044623192483981,22.0,1000,77,192
13.816908951114687,0.9468824363493917,7.21105747787095,-0.8253771112250663,26.0,1000,901,193
13.226852541909594,1.5164909613020838,11.143326667105683,-0.5464856674456046,0.0,1000,427,194
11.420921410429742,-0.14195168442438977,3.7919066563988,-0.06457951727660091,12.0,1000,658,195
15.026199885367722,0.6936979771807925,3.21041856078281,0.11611530831429127,12.0,1000,427,196
17.103552005068533,0.3770848308850031,9.76250123181937,-0.37792940438781886,34.0,1000,668,197
17.91141637760307,0.33501256884492125,9.666183696190854,-0.3604705002575577,28.0,1000,593,198
17.07244675232841,1.3137799918239157e-05,10.442364720489774,-0.15446182489316954,26.0,1000,5,199
16.46828334319638,0.4919693219526906,9.312395822262657,0.05576291406210088,26.0,1000,604,200
15.802047482997722,0.7456614043064828,2.872497469718464,-0.6110661487411763,28.0,1000,315,201
16.90880917266646,1.066524549992386,13.94158420459786,-0.9034394059021014,12.0,1000,280,202
17.478268349231403,0.21946212027774537,4.692402943446897,-0.4417665750005385,28.0,1000,358,203
16.123266075342762,1.732044806442509,9.911491108171225,-0.2304219538095299,16.0,1000,138,204
14.091508847933216,0.5356782868779157,3.6436951247221847,-0.7532290328235668,0.0,1000,602,205
15.428985893294245,0.8849233866727986,1.862138404651129,0.3036111288286402,32.0,1000,473,206
15.406648296312229,0.8484375026598345,1.4916345865099665,0.16407418734839246,24.0,1000,755,207
16.334742536453227,0.3737018442016581,1.8339703224819817,0.6586340289125275,0.0,1000,895,208
14.921382843608516,0.5972218712607771,0.4665524144428561,0.27903536395263256,22.0,1000,787,209
1.9413661355634133,-0.19428502979074985,1.0685491947577133,0.5713045420056716,2.0,1000,595,210
12.673894239625914,1.373025246626164,2.209265078524697,-0.33421354133325326,20.0,1000,197,211
15.629168351208435,1.145209590790168,2.7643724399697414,-0.5744422186115469,24.0,1000,837,212
14.452371238200813,0.9281334493877357,4.213597109610158,0.371876506290065,0.0,1000,34,213
13.637070846567157,0.0866914414352595,3.3050108477912006,-0.07485917905483913,16.0,1000,38,214
13.065739171485502,1.9419302605871234,5.595932957405694,-1.1325482291523636,1.0,1000,848,215
12.195844000636363,0.7633692263065665,2.2559392121447988,-0.35868357780478266,0.0,1000,13,216
15.206409157233452,0.2825036975656441,13.110914578116619,-0.7015011711841144,20.0,1000,912,217
6.674629486241831,1.3299441047693041,12.116292871110726,-0.17873591473280115,3.0,1000,860,218
16.045842270651775,1.5807803407060061,8.9253761543547,-0.48028398921098037,0.0,1000,54,219
17.159688261125357,1.0396497866179357,1.5427852048461692,-0.972797389864694,22.0,1000,289,220
16.174632506213708,0.5057116651361615,9.952025780942538,-0.9670525061764852,0.0,1000,935,221
16.569678469178196,2.4253480689731775,9.520640436937533,-0.6296567542271987,0.0,1000,330,222
16.553451014857284,1.9974723606655778,11.221298856486312,-1.3861587435987794,2.0,1000,415,223
16.93317158721223,0.621804489853179,9.588609734153064,-0.7903226819498554,10.0,1000,616,224
15.744749459641938,2.1702172564508686,10.76203906618551,-0.013996457620344793,0.0,1000,371,225
11.027918967827492,1.8979455024612297,10.292339683647898,-1.0330270269850637,1.0,1000,427,226
13.544462402705124,1.1864482606686382,8.548240394363056,-0.4144235910898521,0.0,1000,351,227
17.62670545353876,0.0473454449652623,3.6666680695942686,-0.1991219277181072,33.0,1000,252,228
18.215858453927193,-0.36369366153667226,3.7669793419787556,-0.18788986653921835,28.0,1000,678,229
17.775978828640543,-0.041300894499636254,4.437089082148719,-4.358367817640183,0.0,1000,172,230
17.32937465196502,0.1875291716609368,3.2203128579046054,-0.5348318800349806,25.0,1000,27,231
16.621355325012715,0.43801323789350277,2.771703320073062,0.2157910778427441,20.0,1000,256,232
17.030708728906554,0.755646897778292,4.866871620011493,-0.31148018123237775,0.0,1000,696,233
12.94409688547243,0.10413626821490257,3.6334211737971933,-0.8362453954382152,1.0,1000,396,234
15.418672680856865,0.3368886029254313,4.068980244515689,0.09175247472375839,27.0,1000,419,235
17.70369669911452,-3.367784410628917,2.6368579965927115,-0.08484401614521597,0.0,1000,494,236
14.780775307265971,1.5946530644187287,1.9909616837667947,-0.623563143345768,22.0,1000,410,237
16.45127965138456,0.8478948559505813,9.267455913008686,-0.4087148984903388,0.0,1000,510,238
14.08151772598941,-0.09149936389901506,7.806891134893324,-0.22959476498818251,28.0,1000,998,239
16.008437104734277,0.618251690727979,3.041957581627127,-1.1880112729738186,1.0,1000,136,240
13.580408012047371,0.3012053727963552,2.490298252237042,0.0306057403792894,30.0,1000,643,241
13.328881510804324,0.31885706624651833,2.4398145556256674,0.05911628797824836,32.0,1000,965,242
13.055381611803169,0.08724377002719932,3.0401031568829926,0.39559097454852954,33.0,1000,860,243
12.531189104675502,-0.025668842023550575,3.029352405859175,0.4882293589817486,25.0,1000,681,244
12.936017167585563,0.2551598299005246,3.6556577966513233,0.8008675718495316,0.0,1000,328,245
13.495916457715685,0.4614284209730815,2.027256336913915,0.38924761754968723,28.0,1000,115,246
13.26111916284131,0.13976598254569156,3.353595576177615,0.19763471160540702,30.0,1000,677,247
11.725905085727412,-0.18953996953085292,2.4683133179712935,-0.08123871026022544,26.0,1000,776,248
13.990776696877745,1.0097703526325346,13.509090132323257,0.27703109108172663,0.0,1000,369,249
12.373927422371045,0.4903265358053468,4.057871705133723,-0.27756229486062106,0.0,1000,380,250
13.157245150717976,0.06077817446167028,1.4445598711582532,-0.48873972817982586,26.0,1000,777,251
12.640178761640385,0.6393171696835246,2.913319030973727,-0.12217576227269528,34.0,1000,66,252
12.75122029937218,0.7642352098006292,2.976886293400982,0.07503286257275008,0.0,1000,247,253
12.470561520887633,0.39424444538399894,2.275447681423216,-0.15058140638049144,0.0,1000,83,254
11.9695003268668,0.6442487131110581,2.7740633773516556,0.34067194703192716,28.0,1000,609,255
12.19774931218016,-0.612210756002526,1.0522884844961147,0.5876952119744496,14.0,1000,662,256
19.00080738199918,0.3109868018215429,12.621690417070699,0.010296448989883022,34.0,1000,505,257
11.52821473810043,0.15475831626587372,12.634828180636818,-0.25841551081660846,31.0,1000,430,258
19.238652138838322,4.982026786180521,11.732023240600743,-0.33951985858352685,2.0,1000,549,259
19.598600576304396,-0.24368978095217525,1.820857910286907,0.0934872425738949,15.0,1000,206,260
19.11879434702554,0.24078874947752107,3.370608361578056,-0.4770997711284004,24.0,1000,370,261
11.271144394540709,0.03703836929952764,2.4297058414883876,-0.26016566272581326,30.0,1000,722,262
19.955222695437758,0.26827987982173473,4.546469858759488,-0.6718961716037359,24.0,1000,600,263
18.699779663425538,0.43843667304431183,6.477972593534082,0.0010410142693090263,0.0,1000,806,264
12.034793107744907,-0.3503104362076008,3.0245556421438238,0.28658180399116195,0.0,1000,398,265
11.453723746270265,-0.05421007030742256,12.205274777876733,-0.41663431936162004,0.0,1000,759,266
10.822404422840041,0.14528433650010172,1.8084308943994134,-0.1708656961251085,12.0,1000,241,267
12.635451329776657,0.5450754241091512,12.426864109713856,0.5251800207871572,20.0,1000,975,268
11.867790558901001,0.29656505650832105,12.639863610484902,-0.5912022726431326,24.0,1000,626,269
13.111828934031202,0.611539039733574,5.385557503041755,3.8137026812902435,0.0,1000,558,270
10.440519337186942,0.10877017219466362,3.4426565298656744,-0.7780286558552194,2.0,1000,92,271
12.764696989734286,0.39500491049348874,2.511694311955027,-0.24190008936669447,28.0,1000,163,272
9.236265776532548,-0.15313676607358148,4.206782784241042,0.15820594224972104,30.0,1000,594,273
11.342467765436572,0.851275159524433,11.362703614806161,-0.03888917467058184,36.0,1000,120,274
11.46131470441489,0.8290833911540549,11.487749200865148,-0.021681528600026367,12.0,1000,967,275
11.35772266703238,0.9390836445425044,11.101868713117996,0.7738597256111792,0.0,1000,25,276
11.019646481544896,0.6484026356667087,10.602130143396538,0.4197165963078136,2.0,1000,565,277
11.782031695637365,0.9374389454353489,11.91324797304726,-0.03493159655599781,0.0,1000,710,278
12.275879973787397,0.5285405774915917,10.090648272128979,-0.3019894260020847,0.0,1000,852,279
10.590751547510434,0.7152790890838636,12.732571358774956,0.2511116992415925,0.0,1000,27,280
13.343585935067766,-0.45647289647728784,5.009089577486122,-0.42709476181081985,35.0,1000,953,281
14.288542813962025,-0.1895420258189347,5.030119339076409,-0.14075192717967383,24.0,1000,792,282
10.03316213746957,0.0014284048472481548,5.510121618278355,1.0910784726916214,0.0,1000,112,283
13.443385025906554,-0.4952017110912628,3.8234562437304973,-0.44511912615257926,28.0,1000,844,284
14.977266048265035,-0.7208448017770559,5.817609691955702,0.15617130731896778,30.0,1000,149,285
12.903418621804123,-0.36278829344322233,4.853837389369023,-0.5176878937362192,2.0,1000,152,286
14.523831061685916,0.13711872489909419,11.355751574178635,-0.18293689596212898,22.0,1000,450,287
18.310058569261404,0.36224332323126995,6.158782474938944,0.0328738779019562,30.0,1000,734,288
11.87654453302962,-0.07838166060496324,10.413608460053974,-0.33727180232038056,29.0,1000,442,289
13.569794818296193,-0.524305871308886,-5.095724398053909,-0.6130776396936578,6.0,1000,311,290
12.437622574895782,0.27593770228877434,9.055846699838309,0.5089512723143577,30.0,1000,837,291
11.104705501910823,0.1176332278472198,4.3004032221389945,-2.7864764382082656,0.0,1000,656,292
13.903816611404537,1.0825847443065957,9.894185265502063,-0.04474709606461942,0.0,1000,877,293
15.332930421894943,0.47350051292907747,0.6507078950465489,0.25337962832641664,15.0,1000,553,294
13.116948254723924,-0.20312741626253777,3.7148270754271304,-0.30375272285301247,26.0,1000,472,295
12.511160202774867,0.6761669979629337,10.814052578142503,1.9635486084864189,0.0,1000,579,296
14.760016022468871,1.2144325824577866,4.999865854274136,-0.5466523877046781,0.0,1000,522,297
11.742719353289484,0.40561041146081833,11.879812929452605,-0.8037483166675581,1.0,1000,223,298
13.334711240990691,0.8856366926530331,-6.566206280388634,0.1332720891652277,8.0,1000,383,299
15.647335748611985,0.19793404736976616,3.0214602764236997,-0.1545741060291792,6.0,1000,773,300
13.795515334753297,-0.3441675070613143,-0.21138529559279395,0.697618301568534,20.0,1000,576,301
12.885953718121764,0.590043333423395,1.2896908400370697,-0.4104573254245221,22.0,1000,242,302
12.133994802686534,-1.1176758450847801,-8.902384069947127,0.43394809135044043,11.0,1000,952,303
18.726830957345083,-0.10543414183113359,4.607943714202846,-0.6699830528611439,0.0,1000,924,304
15.098394546495056,0.031646748985858564,3.4432485251899796,-0.9276995868458453,1.0,1000,938,305
14.265850961629834,0.3780453670833693,9.665273115721503,-0.024501027844679835,0.0,1000,468,306
5.002143319726394,0.9714443034140129,2.7853460344091814,-0.2253388060473859,0.0,1000,906,307
17.472932724987114,1.7568029342557885,2.062229697552046,-0.4536023903087421,13.0,1000,727,308
11.43813891452321,1.3184687975786111,13.054555402958133,0.08473605783179373,16.0,1000,613,309
13.29491300347021,0.7530433766736209,4.433221386974286,-0.29281155913323165,24.0,1000,243,310
10.61776274465437,0.1969362793741084,7.018051307787394,0.31882023246607905,28.0,1000,933,311
8.500526471462365,0.5236472148632144,-3.5721617828661563,-0.6984882237672617,1.0,1000,667,312
17.962495296234778,0.24978442265235307,3.9803978804962066,-0.12049924467172923,30.0,1000,549,313
12.257055618695881,3.7395511852785654,3.387891059520154,-0.45764151989186896,0.0,1000,984,314
12.7831505917278,1.0844512329117881,12.515548491563724,0.1328999143316918,1.0,1000,431,315
13.73916994743456,0.7192669141399161,8.422792388784881,-0.8578891388971265,1.0,1000,198,316
10.926246731759312,0.0003336656475678157,5.328373706171159,-0.5549403180180696,2.0,1000,491,317
15.763200615297613,0.5047889854207769,9.318165448203072,4.932234188167521,0.0,1000,627,318
14.61925332707061,-0.414932117438079,11.238727146914593,-0.2145786637282887,22.0,1000,394,319
11.627490356448344,0.26228758373405414,10.183043877429073,-1.0871817840868283,0.0,1000,294,320
17.084896527021243,-0.7782244950025934,2.5706839666490624,-0.0381802869767157,22.0,1000,979,321
12.69966251162779,0.8606318062713281,1.7205377197524232,0.956115057177753,0.0,1000,399,322
13.094141701872177,1.5083803628943397,11.842941589570554,-0.33249696683378216,0.0,1000,251,323
15.328647015401591,0.4404988561231534,3.079016019539334,-4.971338176118093,2.0,1000,630,324
11.949514905515343,-0.21769848565140418,3.8602001168552094,0.3768902040491122,20.0,1000,776,325
11.17756243618647,0.09078363000886314,10.868808447062538,-0.5370412699710192,0.0,1000,435,326
14.331290252940049,0.6334654138640192,2.2782886577067156,-0.785047800092278,1.0,1000,22,327
13.333094332682041,1.1510048064685754,0.9579101480351908,0.6679356847577762,0.0,1000,375,328
13.810417076079514,0.9169752323745586,5.824351507176028,0.16726240933722925,24.0,1000,237,329
14.953859513248805,2.1436995709944076,8.840514970314842,-0.112203154940231,4.0,1000,92,330
16.034512492235006,0.36786467598404926,2.758762549890061,-0.3408282538869861,36.0,1000,432,331
16.16148817196194,0.3847399457528981,2.7072905996910954,4.56632445364113,0.0,1000,811,332
15.861713729326375,0.641830300797385,1.8962213716057148,-0.6408997706589139,12.0,1000,450,333
15.489956940992737,0.781610026153148,3.273755207198168,-0.3804975494098348,29.0,1000,768,334
9.498699022461405,1.3711526286188518,2.3541365860589707,0.03875160606588268,0.0,1000,114,335
16.91879997167596,0.013190218043039936,2.877112521085727,-0.9379186142529952,1.0,1000,241,336
16.138661558984428,0.3839999750155445,1.3752957625517819,-0.41398912254975967,22.0,1000,349,337
15.157898822554829,1.7160845557667475,3.286987643711499,-0.19970779397009658,0.0,1000,918,338
17.399590667950946,1.0734149732773939,3.7556118333452098,-0.6777872045572133,27.0,1000,263,339
15.74989483368555,2.7691038428942822,12.232878802227617,0.3096854045701764,4.0,1000,33,340
16.55041591270942,4.403470924072211,10.07573119462462,-0.28663534266519036,0.0,1000,914,341
14.030777284927021,0.5562426215981838,2.3967514281330873,-1.27326245021153,1.0,1000,816,342
14.550949281587474,0.21256526845224052,4.192621062858353,-0.5479740257009793,36.0,1000,127,343
14.533822971682175,0.2611683305926381,4.700030195171564,-0.900345672947068,4.0,1000,774,344
13.520964734627475,0.8304566443898196,4.297936994454809,-0.5589456087955506,0.0,1000,598,345
10.287914006126023,0.5298900863363736,3.8897455988001637,-3.482395900604204,0.0,1000,42,346
14.16326055238908,-0.06761570422070778,0.24410487952080517,-1.1003362084903339,2.0,1000,557,347
13.72929834529044,0.9755618913451134,3.0094924606648084,-0.7636982109721705,2.0,1000,371,348
14.788918807874273,0.2880779275552604,4.172018130359285,-0.5329533536903014,36.0,1000,503,349
14.90713199524755,2.3392163111526347,4.34513696770626,-0.6290305999180239,4.0,1000,690,350
14.609011473962981,0.7060324250765753,3.598211255115941,-0.9234798023649357,27.0,1000,907,351
14.195496503754557,1.2524728291609601,4.116335163561061,-0.4725582395765626,0.0,1000,689,352
14.788849305757992,0.3776917654256567,4.714527427104955,-0.698077761008599,19.0,1000,714,353
15.244363838320563,0.566638927092874,3.5497972104354183,0.5429323717374885,0.0,1000,500,354
13.163404433228921,0.23073289236783723,2.8363209155557354,-0.43483138928521753,8.0,1000,819,355
19.512635693892406,-0.5549754295051365,2.0088320255262455,-0.07075616953489067,19.0,1000,500,356
18.258918543279353,0.806549233663386,4.2108412729212175,-1.0670476994504692,1.0,1000,129,357
15.466207312476197,0.45038163614506144,3.384255226629155,-0.5665135535070738,33.0,1000,189,358
16.76217110518244,2.026624166972295,4.866405416942547,-0.8177059954737078,23.0,1000,617,359
14.470016247411365,0.9800686901303574,3.4074348565674915,-0.5570891888553515,33.0,1000,118,360
14.475649778002651,1.1065453884478844,3.6430334281357304,-1.6604261591506417,1.0,1000,450,361
15.105693135751586,0.9627239417751876,4.194534063662795,-0.6705826123259141,30.0,1000,146,362
15.64471764274475,1.309592326170963,3.4083037405525842,-0.8831978844944042,33.0,1000,588,363
15.544189727990945,1.1520847846135984,5.120484221349215,-1.2583139116869198,1.0,1000,896,364
15.953092270554396,1.4827730406242339,3.2911249218680605,-0.9249663931607545,1.0,1000,213,365
15.021118127552334,1.3586200816859244,3.8679091775604215,-1.4182015647499537,6.0,1000,148,366
15.56960522716459,1.781406046388316,4.622885427936868,-0.867148803220132,26.0,1000,144,367
14.764866724211712,1.2623041322377149,3.524140547656061,-0.5883762823866329,35.0,1000,589,368
14.632497899492906,1.3380039593755306,3.734231759415701,-1.1073299081797305,28.0,1000,81,369
14.203110179243058,1.510001005773375,3.3658643662237746,-0.6204040562808508,24.0,1000,484,370
14.655632656338868,1.6701339912431865,4.193926063461519,-0.7620545643468473,0.0,1000,879,371
16.258073227910064,1.2782455689950445,3.4862566145894425,-0.5238002923512834,14.0,1000,883,372
15.077251293860774,1.5549656907963416,-0.7376180752563615,-1.0906091529099935,24.0,1000,806,373
17.34849880516221,1.164020444524659,4.476690915183708,-0.8084982635923873,33.0,1000,421,374
17.670031013294697,1.1956277518849254,4.527884990145221,-0.5647791457681617,0.0,1000,265,375
17.175785778594367,1.0776990038597107,5.124043729903687,-0.735890175021348,28.0,1000,898,376
14.169023013460198,1.35661653714869,4.295220362007594,-0.5863380780944816,36.0,1000,513,377
18.061563152455044,1.0209153883219262,4.431224695964125,-0.8803322441980057,0.0,1000,261,378
13.833328834269171,1.3171862918847062,5.382350100365991,-0.4947744995661991,33.0,1000,118,379
14.067730990857571,1.3398552378571351,5.644007166755454,-0.5134982281372388,0.0,1000,145,380
14.322906151391594,1.2178064833938549,5.108907349782176,-0.710021110314282,1.0,1000,765,381
13.893660275922311,1.0283029568134663,6.5720124096783845,-0.40604121086259104,30.0,1000,807,382
17.35620533265178,1.4611456230825421,6.218882843225442,-1.0167165615444533,0.0,1000,400,383
18.86322208194994,-2.321140542167562,5.014989120561209,-0.5457120549550973,1.0,1000,545,384
14.332240098490413,1.2296322187378366,5.487405561406074,-0.7755196430996111,1.0,1000,701,385
18.521148305066177,0.8873661106073649,4.087759024339563,-0.383342842434387,26.0,1000,698,386
13.735927315874314,1.439644457409429,4.811955994662735,-0.6520299746418031,26.0,1000,20,387
17.799747478894787,0.7796091812577691,3.8968638538644114,-0.9850368112492327,27.0,1000,722,388
16.876899869155302,1.2051332698990653,4.3985488715143655,-1.279237294082321,26.0,1000,245,389
14.854674359577558,0.9967448846107485,5.75502518299188,-0.4382623964439474,0.0,1000,240,390
14.495671953689245,0.7022567696593476,4.7430918804591204,-0.3188934026709769,0.0,1000,490,391
13.869725579821706,1.6488643489411667,3.9264901472118265,-0.7810475661499787,31.0,1000,320,392
14.7383964953401,-0.3433180303168617,5.327447856303935,-0.5966804842400105,1.0,1000,241,393
13.455282443607642,0.907901406880427,3.1909324251975755,-0.2843308898727495,8.0,1000,977,394
14.14550246448926,1.2743509781769253,4.475604736478113,-0.8943640073415187,33.0,1000,813,395
14.067129081960125,1.4210952449643117,4.341042945290681,-0.8835056141233966,26.0,1000,882,396
14.356956354753983,1.2315758546649413,3.6079413977836703,-1.2059495521667416,20.0,1000,451,397
13.680153499664094,1.6095956787301335,4.0915680738657025,-0.4799454316672823,29.0,1000,156,398
14.889693158458908,0.5953192390647373,-1.8418006916649512,-0.6022369793412737,18.0,1000,71,399
15.399809409893997,-0.19782079038319442,3.229492813941141,-0.2877505571653194,39.0,1000,374,400
15.512673647752974,-0.8479390938110152,3.006639362155179,-0.2529300188777031,25.0,1000,875,401
15.903893717491444,-0.15288541350050794,3.1021193153951763,-0.11560382709548334,33.0,1000,884,402
14.98399188443512,-0.5183671203136963,3.3837465796133763,-0.3511905689293451,31.0,1000,927,403
15.294857715431576,-0.262275251597174,3.714219514599379,-0.17184164664349028,20.0,1000,912,404
15.333416787444449,-4.080705669609728,2.753366679368328,-0.37386406770596775,1.0,1000,147,405
2.0915569901436957,-0.2573436246789529,11.58469371448574,-0.014004949505998648,1.0,1000,140,406
19.939346442174212,0.06407955935005971,3.5152539461049916,-0.5497586790813801,22.0,1000,162,407
15.743657249468871,-0.04539187555376814,7.943994827896699,-0.6943876792494103,32.0,1000,795,408
14.72371156341736,0.44289451214846254,2.9167069038627655,-0.2181344920683262,22.0,1000,731,409
12.91733887612151,0.20316116254054511,3.923827891412575,-0.41293540815758767,40.0,1000,98,410
12.57104211058063,0.05454099853264621,3.8916620915241613,-0.3578834492611693,26.0,1000,859,411
10.03579634993789,-0.6117980583539538,3.3213044753659395,0.0719277310836425,27.0,1000,950,412
12.96361873808746,0.19180691136135677,3.8308589005364304,-0.12390124390636437,26.0,1000,805,413
12.343989199473778,-0.1029642082292338,2.7304303146379327,-0.7289011867768965,2.0,1000,952,414
19.191909470291275,0.4590714169323296,4.170791367868543,-0.4621681862963912,29.0,1000,137,415
15.968258295959627,-0.42504270056242144,3.3541519928099053,-0.30948070379506587,33.0,1000,356,416
12.768403751093219,0.614889722634938,4.556412383089893,0.16670003611251166,18.0,1000,464,417
12.986468484873875,0.16503864072834773,3.0431475840539877,-0.6345179746768832,22.0,1000,995,418
15.604374347030747,0.26338164818259396,3.774622016738632,-0.18551467793643944,18.0,1000,22,419
15.194787784294244,-2.735289237646983,2.6181356677130267,-1.0460628468791584,2.0,1000,293,420
13.420004390151972,0.43148561216950326,4.0694638059310915,-0.8072451323809751,1.0,1000,532,421
12.494886970346,-0.14082069888684762,3.4632212347647493,-0.0638775050736442,36.0,1000,601,422
12.431022533232031,-0.3362016317798757,3.2808563631504466,0.0762240254697541,16.0,1000,703,423
12.005335618538156,-0.17727480665048778,2.8158187284559895,-0.08541370992161108,0.0,1000,761,424
12.637506728657835,-0.047886912760772976,2.4388961439744854,0.3803988968793521,18.0,1000,278,425
13.04544630460347,0.07557290004544812,3.3143873548497327,0.217006608774039,32.0,1000,768,426
12.170255454305966,-0.33069877953330806,11.14592957949138,-0.0579428116823609,33.0,1000,490,427
13.32387596283306,0.29993846342211505,3.6112619962508474,0.7452512254075155,12.0,1000,363,428
12.730779887785017,-0.624137187077144,2.972848725440287,-0.3148999025017281,22.0,1000,25,429
10.779572562466637,-1.6825378247480791,13.279421506539704,-0.46014787784772637,1.0,1000,394,430
14.593021739132285,-0.07729259762388342,3.869264560122784,-0.19317367501226432,0.0,1000,392,431
12.898306594634464,0.1476527697515125,3.710019317081787,0.007556532174430641,31.0,1000,73,432
12.300747054952247,0.7437059754066444,2.3462505150496504,-0.41806845679685567,28.0,1000,658,433
15.038792906737863,0.4403967872562148,10.745614024179057,0.5446120653314567,0.0,1000,728,434
13.520800542979398,-0.1416283457059047,12.051471354245912,-0.26070027123630446,35.0,1000,455,435
13.508457600616135,-0.9708267711734789,12.738039149056327,-0.19060158058505294,1.0,1000,329,436
13.233585404413885,-0.22044411451128737,12.007531238259244,0.19657217096302587,0.0,1000,598,437
14.066897176192423,-0.46909579754160735,11.551829764382717,2.9523219274433106,0.0,1000,978,438
13.73693780827809,0.040954968699949634,12.03701294370234,0.024902287337633278,16.0,1000,733,439
13.148011107298252,-0.1005809197451839,12.527772350041863,-0.30559114050020747,14.0,1000,707,440
12.499977486445973,-0.284246466135534,11.678169245085417,-0.08258495173817781,12.0,1000,171,441
11.710110788767137,-0.6769551935531748,13.8183792222158,-0.5420381386608824,1.0,1000,835,442
13.534735619993308,0.21949429977551813,7.549109791862706,-0.2890664747661522,30.0,1000,855,443
12.96521187020008,0.5370236199541739,11.326521344154745,0.31350915167120563,0.0,1000,760,444
14.327854622324626,0.06359659404505896,10.430832688366696,1.2128133061749264,0.0,1000,766,445
11.224943991051946,0.33899035990213106,13.024533979915915,-0.5439617513597039,22.0,1000,422,446
13.936287142264,-0.20949735443656334,4.8467635799306485,0.0008992861187231416,18.0,1000,774,447
12.657788980294558,0.6633665169680941,12.178822070531337,-0.2224781575872568,0.0,1000,350,448
14.47881455698863,0.2925818149784627,4.171449644590327,0.9379943955671618,0.0,1000,530,449
13.412301898839166,-0.4655332876206234,10.911184906965616,-0.43491189777862993,2.0,1000,267,450
0.5118266086566621,-0.024422865804221733,2.946894459884267,0.21568200656047398,0.0,1000,89,451
12.201540958106303,0.4534509661113854,2.5704523010283356,-0.11333005231739834,0.0,1000,838,452
14.783314163381549,0.16239547387767536,4.631534764142623,-0.5839875336590837,28.0,1000,675,453
13.087568279880855,0.6557956701398775,2.0482461561861673,-0.3506724537934036,24.0,1000,209,454
13.733472898967689,-0.08811078101637165,4.101264178828161,0.08451959883943433,26.0,1000,484,455
11.894581546263725,-0.36670696770530287,3.4548414523928717,-0.5916303725313815,2.0,1000,990,456
10.62361870954475,0.3514250828410693,11.74420064383567,0.40449336996034047,14.0,1000,991,457
14.283039592460836,0.7958278111196071,3.2216886716945705,-0.25522937963439435,22.0,1000,993,458
12.552979371575498,0.12211879628933286,9.204899488723564,-0.4157578112006477,29.0,1000,740,459
15.285527758614332,0.550697522047424,14.347981423551012,-0.08602498731322969,28.0,1000,785,460
13.645743774577548,0.25769887130799907,12.366900562016014,-0.690162735185678,36.0,1000,574,461
13.313153642748764,0.0845232987129077,13.31817729095533,-0.6948627821564723,16.0,1000,797,462
12.848416805417108,0.3330871284173195,12.454743399430656,0.55616191161173,0.0,1000,793,463
13.420125866701795,-0.2593683568307124,12.648657594979081,0.13524107341659133,20.0,1000,683,464
7.079133380729452,-0.010289462311988087,11.24452378508643,-0.35418309557590666,2.0,1000,346,465
13.699839969084934,0.23755174085634606,12.10677368329251,-0.6994025137487516,0.0,1000,935,466
8.644140741511698,0.49645387794836215,11.595777428782306,-0.17115889412593974,33.0,1000,544,467
11.611926709295945,-0.1417444541048125,12.219951865848035,-0.4888530770548825,31.0,1000,837,468
12.941393604281718,-0.6650898528575484,13.198783781901435,0.0006019097749646665,0.0,1000,996,469
12.23300196412263,0.16744890141975433,8.311208051678868,-0.24782106299539025,41.0,1000,993,470
11.983339518905291,0.06922558109274822,8.256338251461676,0.28072783364003273,26.0,1000,120,471
12.385904615928869,-0.1406663525015481,9.413158209453451,-0.19815177909506587,18.0,1000,768,472
11.26128418268855,-0.4062450091394304,10.452700847752139,0.13790877564306092,32.0,1000,213,473
12.150429574867257,0.2600030685636545,8.685020658674484,-0.048959777320637554,0.0,1000,337,474
12.774255658738184,0.023625135125344192,10.05448936131678,-0.32342373727065293,0.0,1000,753,475
11.584894349402811,0.23834912077546963,8.730131496235517,0.3911306309728566,22.0,1000,5,476
12.63904572107084,-0.23053066808325248,11.091549684556918,0.7554876237457899,0.0,1000,290,477
12.179413679934614,0.1515072970858175,7.0741874926851676,-0.19697200441770024,21.0,1000,912,478
10.926731814314097,0.596807180052079,9.568132566195004,-0.3462546340424201,16.0,1000,504,479
13.250316218975563,-0.12266914040344573,10.603827505806116,0.02114934199468499,8.0,1000,789,480
12.418181357258238,0.3970520912784723,12.713371513666534,-0.7273277379294086,21.0,1000,979,481
13.79964587596858,0.04915470044888004,7.716529412455593,-0.45327289208706006,0.0,1000,212,482
13.095122082462586,-0.5173123718249548,4.992178305240181,-0.11232103810390265,28.0,1000,449,483
11.851796779488785,0.33011693846012563,6.0837588660830715,0.12764538073605947,20.0,1000,280,484
12.718665902099938,0.6397767291470938,8.169536023190881,-4.3191577632508045,0.0,1000,881,485
18.382634257950247,-0.3214837443683747,9.820603503360742,-0.738138590564668,6.0,1000,803,486
13.990872025898916,0.12267199582977761,9.185098562222484,-0.378086661116928,22.0,1000,138,487
11.39096478205758,0.7849601645509354,11.694325489610485,0.5813998761026606,0.0,1000,882,488
13.30144836891191,0.4553607199571552,4.436879081398646,-0.9986192119320387,1.0,1000,708,489
12.429428370491799,-0.732304123371085,12.823597979894794,-0.5613863139771278,0.0,1000,734,490
13.647135631620078,-0.11812677070093244,-3.195807674027474,-0.2535941513172987,14.0,1000,591,491
12.080320986010566,0.2700018648647824,10.92046280848756,0.16810203305759136,24.0,1000,164,492
19.483938041620167,-1.2580262910816715,-6.113523820639255,-0.11079268076833565,12.0,1000,306,493
13.100356877997008,0.5857664771902469,5.123982789261865,-0.48952465200225564,0.0,1000,301,494
14.155090029590655,0.8050162054476279,4.037842255336257,-0.8406554268297363,25.0,1000,749,495
12.963140295123464,0.0022628658429295623,12.212670804918703,0.3669384108871428,28.0,1000,441,496
18.75657912778325,0.2091284323118979,11.329909013043459,-0.26893487501418045,0.0,1000,513,497
5.5573423571977125,-0.3272210912560708,4.617066794612454,-0.6156608693420222,1.0,1000,198,498
16.29321856504132,0.4300558301666805,10.116472360613573,-0.005141285973255472,0.0,1000,24,499
